Anno,Stazione,Saliti7-9,Saliti24H,Peso_punta_pct
2015,Airuno,350.0,680.0,51.470588235294116
2016,Airuno,290.0,670.0,43.28358208955223
2017,Airuno,330.0,720.0,45.83333333333333
2018,Airuno,300.0,740.0,40.54054054054054
2019,Airuno,250.0,720.0,34.72222222222222
2020,Airuno,50.0,190.0,26.31578947368421
2021,Airuno,270.0,540.0,50.0
2022,Airuno,340.0,690.0,49.275362318840585
2023,Airuno,410.0,1100.0,37.27272727272727
2024,Airuno,410.0,1320.0,31.060606060606062
2025,Airuno,490.0,1860.0,26.344086021505376
2015,Arcore,1810.0,3740.0,48.39572192513369
2016,Arcore,1920.0,4030.0,47.64267990074442
2017,Arcore,2000.0,4460.0,44.843049327354265
2018,Arcore,2180.0,4610.0,47.288503253796094
2019,Arcore,1740.0,4070.0,42.75184275184275
2020,Arcore,310.0,1230.0,25.203252032520325
2021,Arcore,1330.0,3240.0,41.04938271604938
2022,Arcore,1210.0,3400.0,35.588235294117645
2023,Arcore,1620.0,4080.0,39.705882352941174
2024,Arcore,2210.0,5400.0,40.925925925925924
2025,Arcore,1740.0,5620.0,30.96085409252669
2015,Calolziocorte-Olginate,1130.0,2440.0,46.31147540983606
2016,Calolziocorte-Olginate,1010.0,2360.0,42.79661016949153
2017,Calolziocorte-Olginate,1120.0,2650.0,42.26415094339623
2018,Calolziocorte-Olginate,1210.0,3040.0,39.80263157894737
2019,Calolziocorte-Olginate,1380.0,3150.0,43.80952380952381
2020,Calolziocorte-Olginate,220.0,730.0,30.136986301369863
2021,Calolziocorte-Olginate,660.0,1820.0,36.26373626373626
2022,Calolziocorte-Olginate,780.0,2080.0,37.5
2023,Calolziocorte-Olginate,890.0,2780.0,32.014388489208635
2024,Calolziocorte-Olginate,1010.0,3180.0,31.761006289308174
2025,Calolziocorte-Olginate,1150.0,3970.0,28.967254408060455
2015,Carnate Usmate,2140.0,4150.0,51.566265060240966
2016,Carnate Usmate,2390.0,4730.0,50.52854122621564
2017,Carnate Usmate,2190.0,4550.0,48.13186813186813
2018,Carnate Usmate,1960.0,4230.0,46.335697399527184
2019,Carnate Usmate,1650.0,3750.0,44.0
2020,Carnate Usmate,290.0,1130.0,25.663716814159294
2021,Carnate Usmate,1190.0,2860.0,41.60839160839161
2022,Carnate Usmate,1230.0,3100.0,39.67741935483871
2023,Carnate Usmate,1560.0,3880.0,40.20618556701031
2024,Carnate Usmate,1820.0,4800.0,37.916666666666664
2025,Carnate Usmate,1740.0,5450.0,31.926605504587158
2015,Cernusco-Merate,860.0,1530.0,56.209150326797385
2016,Cernusco-Merate,680.0,1470.0,46.25850340136054
2017,Cernusco-Merate,850.0,1690.0,50.29585798816568
2018,Cernusco-Merate,790.0,1640.0,48.170731707317074
2019,Cernusco-Merate,710.0,1510.0,47.019867549668874
2020,Cernusco-Merate,150.0,410.0,36.58536585365854
2021,Cernusco-Merate,770.0,1410.0,54.60992907801418
2022,Cernusco-Merate,500.0,1330.0,37.59398496240601
2023,Cernusco-Merate,730.0,1890.0,38.62433862433862
2024,Cernusco-Merate,720.0,2100.0,34.285714285714285
2025,Cernusco-Merate,790.0,2620.0,30.15267175572519
2015,Lecco,1350.0,9160.0,14.737991266375547
2016,Lecco,1580.0,9340.0,16.916488222698074
2017,Lecco,1550.0,9300.0,16.666666666666664
2018,Lecco,1850.0,10170.0,18.190757128810226
2019,Lecco,1830.0,9350.0,19.572192513368982
2020,Lecco,320.0,1970.0,16.243654822335024
2021,Lecco,1210.0,7550.0,16.026490066225165
2022,Lecco,1180.0,8010.0,14.731585518102372
2023,Lecco,1190.0,9600.0,12.395833333333334
2024,Lecco,1550.0,10780.0,14.37847866419295
2025,Lecco,1560.0,12400.0,12.580645161290322
2015,Milano Greco Pirelli,1520.0,14940.0,10.174029451137885
2016,Milano Greco Pirelli,1560.0,16130.0,9.671419714817112
2017,Milano Greco Pirelli,1440.0,15910.0,9.050911376492772
2018,Milano Greco Pirelli,1540.0,16230.0,9.48860135551448
2019,Milano Greco Pirelli,1730.0,16810.0,10.291493158834028
2020,Milano Greco Pirelli,380.0,2390.0,15.899581589958158
2021,Milano Greco Pirelli,1190.0,9530.0,12.48688352570829
2022,Milano Greco Pirelli,1280.0,12500.0,10.24
2023,Milano Greco Pirelli,1280.0,11670.0,10.968294772922023
2024,Milano Greco Pirelli,1450.0,13400.0,10.820895522388058
2025,Milano Greco Pirelli,1590.0,15100.0,10.529801324503312
2015,Milano Porta Garibaldi,3540.0,34710.0,10.198789974070872
2016,Milano Porta Garibaldi,3210.0,34560.0,9.288194444444445
2017,Milano Porta Garibaldi,3660.0,33010.0,11.087549227506816
2018,Milano Porta Garibaldi,3620.0,37050.0,9.770580296896087
2019,Milano Porta Garibaldi,3580.0,37330.0,9.590141976962228
2020,Milano Porta Garibaldi,760.0,7490.0,10.14686248331108
2021,Milano Porta Garibaldi,2290.0,22400.0,10.223214285714285
2022,Milano Porta Garibaldi,2740.0,28430.0,9.637706647907141
2023,Milano Porta Garibaldi,2760.0,27440.0,10.058309037900875
2024,Milano Porta Garibaldi,2940.0,27860.0,10.552763819095476
2025,Milano Porta Garibaldi,2810.0,26180.0,10.733384262796028
2015,Monza,5320.0,18170.0,29.279031370390758
2016,Monza,5530.0,20250.0,27.30864197530864
2017,Monza,5300.0,21030.0,25.20209224916786
2018,Monza,5620.0,21670.0,25.93447161975081
2019,Monza,5480.0,21930.0,24.98860009119927
2020,Monza,1180.0,5870.0,20.10221465076661
2021,Monza,3980.0,16220.0,24.537607891491987
2022,Monza,4970.0,20540.0,24.196689386562802
2023,Monza,4900.0,20260.0,24.18558736426456
2024,Monza,5620.0,20880.0,26.915708812260537
2025,Monza,4550.0,21610.0,21.05506709856548
2015,Olgiate-Calco-Brivio,810.0,1560.0,51.92307692307693
2016,Olgiate-Calco-Brivio,630.0,1410.0,44.680851063829785
2017,Olgiate-Calco-Brivio,670.0,1480.0,45.27027027027027
2018,Olgiate-Calco-Brivio,700.0,1550.0,45.16129032258064
2019,Olgiate-Calco-Brivio,580.0,1420.0,40.845070422535215
2020,Olgiate-Calco-Brivio,120.0,380.0,31.57894736842105
2021,Olgiate-Calco-Brivio,490.0,1080.0,45.370370370370374
2022,Olgiate-Calco-Brivio,590.0,1300.0,45.38461538461539
2023,Olgiate-Calco-Brivio,640.0,1660.0,38.55421686746988
2024,Olgiate-Calco-Brivio,600.0,1830.0,32.78688524590164
2025,Olgiate-Calco-Brivio,700.0,2400.0,29.166666666666668
2015,Osnago,410.0,790.0,51.89873417721519
2016,Osnago,450.0,870.0,51.724137931034484
2017,Osnago,450.0,890.0,50.56179775280899
2018,Osnago,480.0,1000.0,48.0
2019,Osnago,450.0,970.0,46.391752577319586
2020,Osnago,100.0,260.0,38.46153846153847
2021,Osnago,350.0,800.0,43.75
2022,Osnago,350.0,890.0,39.325842696629216
2023,Osnago,530.0,1260.0,42.06349206349206
2024,Osnago,560.0,1590.0,35.22012578616352
2025,Osnago,550.0,2100.0,26.190476190476193
2015,Sesto S. Giovanni,1380.0,10340.0,13.346228239845262
2016,Sesto S. Giovanni,1410.0,10440.0,13.505747126436782
2017,Sesto S. Giovanni,1420.0,10260.0,13.840155945419102
2018,Sesto S. Giovanni,1400.0,10900.0,12.844036697247708
2019,Sesto S. Giovanni,1610.0,11310.0,14.235190097259062
2020,Sesto S. Giovanni,460.0,3080.0,14.935064935064934
2021,Sesto S. Giovanni,1300.0,8170.0,15.911872705018359
2022,Sesto S. Giovanni,1470.0,9860.0,14.908722109533468
2023,Sesto S. Giovanni,1490.0,10460.0,14.244741873804973
2024,Sesto S. Giovanni,1800.0,11930.0,15.088013411567477
2025,Sesto S. Giovanni,1810.0,12410.0,14.585012087026591
