StationKey,Saliti24H_2019,Saliti24H_2025,Saliti7-9_2019,Saliti7-9_2025,Corse24H_2019,Corse24H_2025,Saliti_per_corsa_2019,Saliti_per_corsa_2025,Quota_7_9_pct_2019,Quota_7_9_pct_2025,Stazione,Label,IsMeratese,Growth_pct_Saliti24H,Delta_abs_Saliti24H,Growth_pct_Corse24H,Growth_pct_Saliti_per_corsa,Delta_quota_7_9_pp
ABBIATEGRASSO,3350.0,3130.0,1440.0,1110.0,46.0,48.0,72.82608695652173,65.20833333333333,42.98507462686567,35.46325878594249,ABBIATEGRASSO,ABBIATEGRASSO,False,-6.567164179104479,-220.0,4.347826086956519,-10.460199004975124,-7.521815840923175
AIRUNO,720.0,1860.0,250.0,490.0,67.0,73.0,10.746268656716419,25.47945205479452,34.72222222222222,26.344086021505376,AIRUNO,Airuno,True,158.33333333333334,1140.0,8.955223880597018,137.10045662100455,-8.378136200716845
ALBAIRATEVERMEZZO,2270.0,2280.0,960.0,550.0,111.0,113.0,20.45045045045045,20.17699115044248,42.290748898678416,24.12280701754386,ALBAIRATE-VERMEZZO,ALBAIRATE-VERMEZZO,False,0.4405286343612369,10.0,1.8018018018018056,-1.3371798370433785,-18.167941881134556
ALBIZZATESOLBIATEARNO,840.0,750.0,260.0,280.0,73.0,75.0,11.506849315068493,10.0,30.952380952380953,37.333333333333336,ALBIZZATE SOLBIATE ARNO,ALBIZZATE SOLBIATE ARNO,False,-10.71428571428571,-90.0,2.7397260273972712,-13.095238095238093,6.380952380952383
ARCISATE,990.0,1480.0,390.0,470.0,104.0,106.0,9.51923076923077,13.962264150943396,39.39393939393939,31.756756756756754,ARCISATE,ARCISATE,False,49.4949494949495,490.0,1.9230769230769162,46.67429007051646,-7.637182637182637
ARCORE,4070.0,5620.0,1740.0,1740.0,114.0,116.0,35.70175438596491,48.44827586206897,42.75184275184275,30.96085409252669,ARCORE,ARCORE,False,38.08353808353808,1550.0,1.7543859649122862,35.70278742692536,-11.79098865931606
ARONA,1630.0,1200.0,380.0,250.0,50.0,59.0,32.6,20.338983050847457,23.31288343558282,20.833333333333336,ARONA,ARONA,False,-26.38036809815951,-430.0,17.999999999999993,-37.61048143911824,-2.4795501022494832
AROSIO,700.0,740.0,320.0,400.0,50.0,54.0,14.0,13.703703703703704,45.714285714285715,54.054054054054056,AROSIO,AROSIO,False,5.714285714285716,40.0,8.000000000000007,-2.1164021164021163,8.33976833976834
BERGAMO,15280.0,10340.0,2980.0,2320.0,214.0,130.0,71.40186915887851,79.53846153846153,19.50261780104712,22.437137330754354,BERGAMO,BERGAMO,False,-32.32984293193717,-4940.0,-39.252336448598136,11.395489327426489,2.9345195297072344
BOLLATECENTRO,4070.0,3540.0,1430.0,1470.0,140.0,182.0,29.071428571428573,19.45054945054945,35.13513513513514,41.52542372881356,BOLLATE CENTRO,BOLLATE CENTRO,False,-13.022113022113025,-530.0,30.000000000000004,-33.0939330939331,6.39028859367842
BOLLATENORD,1480.0,1040.0,650.0,450.0,140.0,134.0,10.571428571428571,7.7611940298507465,43.91891891891892,43.269230769230774,BOLLATE NORD,BOLLATE NORD,False,-29.729729729729726,-440.0,-4.285714285714281,-26.583299717628073,-0.6496881496881457
BORGOLOMBARDO,1170.0,1270.0,490.0,400.0,79.0,130.0,14.810126582278482,9.76923076923077,41.88034188034188,31.496062992125985,BORGOLOMBARDO,BORGOLOMBARDO,False,8.547008547008538,100.0,64.55696202531647,-34.036817882971725,-10.384278888215896
BRESCIA,10200.0,12570.0,1730.0,1660.0,155.0,239.0,65.80645161290323,52.59414225941423,16.96078431372549,13.206046141607,BRESCIA,BRESCIA,False,23.235294117647065,2370.0,54.19354838709678,-20.077528919517608,-3.75473817211849
BUSTOARSIZIO,6200.0,5510.0,1770.0,1320.0,194.0,202.0,31.95876288659794,27.277227722772277,28.548387096774192,23.95644283121597,BUSTO ARSIZIO,BUSTO ARSIZIO,False,-11.12903225806452,-690.0,4.123711340206193,-14.648674544873842,-4.591944265558222
BUSTOARSIZIONORD,5910.0,5290.0,2310.0,1730.0,220.0,214.0,26.863636363636363,24.7196261682243,39.08629441624365,32.70321361058601,BUSTO ARSIZIO NORD,BUSTO ARSIZIO NORD,False,-10.490693739424707,-620.0,-2.7272727272727226,-7.981087021838484,-6.383080805657642
CALOLZIOCORTEOLGINATE,3150.0,3970.0,1380.0,1150.0,108.0,114.0,29.166666666666668,34.824561403508774,43.80952380952381,28.967254408060455,CALOLZIOCORTE OLGINATE,CALOLZIOCORTE OLGINATE,False,26.031746031746028,820.0,5.555555555555558,19.398496240601503,-14.842269401463355
CAMNAGOLENTATE,1650.0,2350.0,510.0,700.0,144.0,142.0,11.458333333333334,16.549295774647888,30.909090909090907,29.78723404255319,CAMNAGO-LENTATE,CAMNAGO-LENTATE,False,42.42424242424243,700.0,-1.388888888888884,44.43021766965429,-1.1218568665377155
CANEGRATE,2000.0,1790.0,760.0,730.0,75.0,72.0,26.666666666666668,24.86111111111111,38.0,40.78212290502793,CANEGRATE,CANEGRATE,False,-10.499999999999998,-210.0,-4.0000000000000036,-6.7708333333333375,2.782122905027933
CANTUCERMENATE,800.0,930.0,350.0,370.0,75.0,74.0,10.666666666666666,12.567567567567568,43.75,39.784946236559136,CANTU'-CERMENATE,CANTU'-CERMENATE,False,16.250000000000007,130.0,-1.3333333333333308,17.820945945945965,-3.9650537634408636
CARNATEUSMATE,3750.0,5450.0,1650.0,1740.0,120.0,122.0,31.25,44.67213114754098,44.0,31.926605504587158,CARNATE USMATE,CARNATE USMATE,False,45.333333333333336,1700.0,1.6666666666666607,42.950819672131146,-12.073394495412842
CARONNOPERTUSELLA,1650.0,830.0,760.0,420.0,138.0,134.0,11.956521739130435,6.1940298507462686,46.06060606060606,50.602409638554214,CARONNO PERTUSELLA,CARONNO PERTUSELLA,False,-49.696969696969695,-820.0,-2.898550724637683,-48.1953867028494,4.541803577948151
CARUGOGIUSSANO,1000.0,940.0,460.0,500.0,50.0,52.0,20.0,18.076923076923077,46.0,53.191489361702125,CARUGO - GIUSSANO,CARUGO - GIUSSANO,False,-6.000000000000005,-60.0,4.0000000000000036,-9.615384615384615,7.191489361702125
CASALPUSTERLENGO,1860.0,2350.0,590.0,480.0,64.0,68.0,29.0625,34.55882352941177,31.72043010752688,20.425531914893615,CASALPUSTERLENGO,CASALPUSTERLENGO,False,26.344086021505376,490.0,6.25,18.912080961416834,-11.294898192633266
CASSANODADDA,1100.0,1110.0,540.0,470.0,99.0,99.0,11.11111111111111,11.212121212121213,49.09090909090909,42.34234234234234,CASSANO D'ADDA,CASSANO D'ADDA,False,0.9090909090909038,10.0,0.0,0.909090909090926,-6.748566748566752
CASTANOPRIMO,900.0,800.0,400.0,430.0,38.0,31.0,23.68421052631579,25.806451612903224,44.44444444444444,53.75,CASTANO PRIMO,CASTANO PRIMO,False,-11.111111111111116,-100.0,-18.42105263157895,8.960573476702493,9.305555555555557
CASTELLANZA,1760.0,1450.0,770.0,670.0,75.0,78.0,23.466666666666665,18.58974358974359,43.75,46.206896551724135,CASTELLANZA,CASTELLANZA,False,-17.613636363636363,-310.0,4.0000000000000036,-20.782342657342646,2.4568965517241352
CASTRONNO,700.0,620.0,260.0,270.0,73.0,75.0,9.58904109589041,8.266666666666667,37.142857142857146,43.54838709677419,CASTRONNO,CASTRONNO,False,-11.428571428571432,-80.0,2.7397260273972712,-13.790476190476175,6.405529953917046
CAVARIAOGGIONAIERAGO,880.0,960.0,260.0,370.0,73.0,75.0,12.054794520547945,12.8,29.545454545454547,38.54166666666667,CAVARIA OGGIONA IERAGO,CAVARIA OGGIONA IERAGO,False,9.090909090909083,80.0,2.7397260273972712,6.181818181818177,8.996212121212125
CERNUSCOMERATE,1510.0,2620.0,710.0,790.0,70.0,77.0,21.571428571428573,34.02597402597402,47.019867549668874,30.15267175572519,CERNUSCO-MERATE,Cernusco-Merate,True,73.50993377483444,1110.0,10.000000000000009,57.73630343166764,-16.867195793943683
CERTOSADIPAVIA,1090.0,730.0,510.0,350.0,73.0,74.0,14.931506849315069,9.864864864864865,46.788990825688074,47.94520547945205,CERTOSA DI PAVIA,CERTOSA DI PAVIA,False,-33.02752293577982,-360.0,1.3698630136986356,-33.93255640962063,1.1562146537639748
CESANOBOSCONE,710.0,1150.0,270.0,240.0,68.0,69.0,10.441176470588236,16.666666666666668,38.028169014084504,20.869565217391305,CESANO BOSCONE,CESANO BOSCONE,False,61.9718309859155,440.0,1.4705882352941124,59.624413145539926,-17.1586037966932
CESANOMADERNO,5460.0,5760.0,2070.0,2250.0,250.0,251.0,21.84,22.948207171314742,37.91208791208791,39.0625,CESANO MADERNO,CESANO MADERNO,False,5.494505494505497,300.0,0.40000000000000036,5.074208659866031,1.1504120879120876
CESATE,1870.0,1260.0,900.0,720.0,138.0,134.0,13.55072463768116,9.402985074626866,48.1283422459893,57.14285714285714,CESATE,CESATE,False,-32.62032085561497,-610.0,-2.898550724637683,-30.60898714981244,9.014514896867837
CHIARI,1830.0,2430.0,580.0,800.0,63.0,69.0,29.047619047619047,35.21739130434783,31.693989071038253,32.92181069958848,CHIARI,CHIARI,False,32.78688524590163,600.0,9.523809523809534,21.240199572344977,1.227821628550224
CHIASSO,3570.0,2650.0,620.0,340.0,126.0,126.0,28.333333333333332,21.03174603174603,17.366946778711483,12.830188679245284,CHIASSO,CHIASSO,False,-25.770308123249297,-920.0,0.0,-25.770308123249297,-4.5367580994662
CHIAVENNA,980.0,660.0,170.0,40.0,32.0,30.0,30.625,22.0,17.346938775510203,6.0606060606060606,CHIAVENNA,CHIAVENNA,False,-32.6530612244898,-320.0,-6.25,-28.163265306122454,-11.286332714904143
CISLAGO,1120.0,1290.0,510.0,490.0,57.0,62.0,19.649122807017545,20.806451612903224,45.535714285714285,37.98449612403101,CISLAGO,CISLAGO,False,15.17857142857142,170.0,8.771929824561408,5.889976958525334,-7.551218161683273
CODOGNO,2460.0,2820.0,900.0,770.0,90.0,97.0,27.333333333333332,29.072164948453608,36.58536585365854,27.30496453900709,CODOGNO,CODOGNO,False,14.634146341463406,360.0,7.777777777777772,6.361579079708335,-9.280401314651446
COLICO,2380.0,1590.0,690.0,440.0,88.0,106.0,27.045454545454547,15.0,28.991596638655466,27.67295597484277,COLICO,COLICO,False,-33.19327731092437,-790.0,20.45454545454546,-44.53781512605042,-1.3186406638126975
COMOCAMERLATAFN,1430.0,1750.0,440.0,400.0,70.0,67.0,20.428571428571427,26.119402985074625,30.76923076923077,22.857142857142858,COMO CAMERLATA (FN),COMO CAMERLATA (FN),False,22.377622377622373,320.0,-4.285714285714281,27.857217409456215,-7.912087912087912
COMOSGIOVANNI,4950.0,5680.0,1170.0,1000.0,191.0,183.0,25.916230366492147,31.038251366120218,23.636363636363637,17.6056338028169,COMO S.GIOVANNI,COMO S.GIOVANNI,False,14.747474747474755,730.0,-4.188481675392675,19.763757796544667,-6.0307298335467365
CORMANOCUSANOMILANINO,3170.0,3150.0,1370.0,1260.0,135.0,133.0,23.48148148148148,23.68421052631579,43.217665615141954,40.0,CORMANO-CUSANO MILANINO,CORMANO-CUSANO MILANINO,False,-0.6309148264984188,-20.0,-1.4814814814814836,0.8633571309978549,-3.2176656151419536
CORSICO,940.0,380.0,310.0,80.0,68.0,69.0,13.823529411764707,5.507246376811594,32.97872340425532,21.052631578947366,CORSICO,CORSICO,False,-59.57446808510638,-560.0,1.4705882352941124,-60.16034535923528,-11.926091825307953
CREMA,1040.0,1080.0,260.0,260.0,36.0,36.0,28.88888888888889,30.0,25.0,24.074074074074073,CREMA,CREMA,False,3.8461538461538547,40.0,0.0,3.8461538461538547,-0.9259259259259274
CREMONA,3680.0,3180.0,660.0,660.0,108.0,116.0,34.074074074074076,27.413793103448278,17.934782608695652,20.754716981132077,CREMONA,CREMONA,False,-13.586956521739136,-500.0,7.407407407407418,-19.546476761619193,2.8199343724364248
DESIO,3380.0,3450.0,1100.0,1220.0,140.0,138.0,24.142857142857142,25.0,32.544378698224854,35.36231884057971,DESIO,DESIO,False,2.071005917159763,70.0,-1.4285714285714235,3.5502958579881616,2.817940142354857
ERBA,1430.0,1350.0,420.0,300.0,50.0,54.0,28.6,25.0,29.37062937062937,22.22222222222222,ERBA,ERBA,False,-5.594405594405593,-80.0,8.000000000000007,-12.587412587412594,-7.1484071484071485
FINOMORNASCO,1030.0,730.0,410.0,300.0,61.0,64.0,16.885245901639344,11.40625,39.80582524271845,41.0958904109589,FINO MORNASCO,FINO MORNASCO,False,-29.126213592233007,-300.0,4.918032786885251,-32.44842233009708,1.290065168240453
GAGGIANO,750.0,600.0,410.0,200.0,68.0,69.0,11.029411764705882,8.695652173913043,54.666666666666664,33.33333333333333,GAGGIANO,GAGGIANO,False,-19.999999999999996,-150.0,1.4705882352941124,-21.15942028985508,-21.333333333333336
GALLARATE,9410.0,7650.0,2590.0,1840.0,226.0,237.0,41.63716814159292,32.278481012658226,27.523910733262486,24.052287581699346,GALLARATE,GALLARATE,False,-18.703506907545165,-1760.0,4.867256637168138,-22.47676186120342,-3.47162315156314
GALLIATE,730.0,560.0,300.0,250.0,38.0,31.0,19.210526315789473,18.06451612903226,41.0958904109589,44.642857142857146,GALLIATE,GALLIATE,False,-23.28767123287672,-170.0,-18.42105263157895,-5.965532479010149,3.5469667318982445
GARBAGNATEMILANESE,3010.0,2790.0,1190.0,1200.0,140.0,182.0,21.5,15.32967032967033,39.53488372093023,43.01075268817204,GARBAGNATE MILANESE,GARBAGNATE MILANESE,False,-7.3089700996677776,-220.0,30.000000000000004,-28.69920776897521,3.4758689672418086
GAVIRATE,930.0,770.0,280.0,220.0,42.0,37.0,22.142857142857142,20.81081081081081,30.107526881720432,28.57142857142857,GAVIRATE,GAVIRATE,False,-17.204301075268813,-160.0,-11.904761904761907,-6.015693112467302,-1.5360983102918624
GERENZANOTURATE,1350.0,1640.0,630.0,730.0,57.0,62.0,23.68421052631579,26.451612903225808,46.666666666666664,44.51219512195122,GERENZANO - TURATE,GERENZANO - TURATE,False,21.48148148148148,290.0,8.771929824561408,11.684587813620073,-2.1544715447154417
GRANDATEBRECCIA,1490.0,1250.0,570.0,460.0,70.0,67.0,21.285714285714285,18.65671641791045,38.25503355704698,36.8,GRANDATE - BRECCIA,GRANDATE - BRECCIA,False,-16.10738255033557,-240.0,-4.285714285714281,-12.350996694380434,-1.4550335570469812
INDUNOOLONA,870.0,1410.0,340.0,440.0,104.0,106.0,8.365384615384615,13.30188679245283,39.08045977011494,31.20567375886525,INDUNO OLONA,INDUNO OLONA,False,62.06896551724137,540.0,1.9230769230769162,59.01106050748211,-7.874786011249693
ISEO,740.0,900.0,120.0,120.0,51.0,64.0,14.509803921568627,14.0625,16.216216216216218,13.333333333333334,ISEO,ISEO,False,21.62162162162162,160.0,25.49019607843137,-3.082770270270274,-2.8828828828828836
LECCO,9350.0,12400.0,1830.0,1560.0,199.0,211.0,46.984924623115575,58.76777251184834,19.572192513368982,12.580645161290322,LECCO,LECCO,False,32.62032085561497,3050.0,6.030150753768848,25.077932939655835,-6.99154735207866
LEGNANO,5940.0,5550.0,2010.0,1470.0,115.0,116.0,51.65217391304348,47.8448275862069,33.83838383838384,26.486486486486488,LEGNANO,LEGNANO,False,-6.565656565656564,-390.0,0.8695652173912993,-7.371125043538829,-7.351897351897353
LISSONEMUGGIO,3880.0,4450.0,1240.0,1630.0,139.0,137.0,27.913669064748202,32.481751824817515,31.958762886597935,36.62921348314607,LISSONE-MUGGIO',LISSONE-MUGGIO',False,14.690721649484528,570.0,-1.4388489208633115,16.365038753856552,4.670450596548132
LOCATETRIULZI,2360.0,2480.0,840.0,970.0,73.0,74.0,32.32876712328767,33.513513513513516,35.59322033898305,39.11290322580645,LOCATE TRIULZI,LOCATE TRIULZI,False,5.084745762711873,120.0,1.3698630136986356,3.6646816307833507,3.5196828868233965
LODI,7200.0,6800.0,2180.0,1460.0,136.0,132.0,52.94117647058823,51.515151515151516,30.277777777777775,21.470588235294116,LODI,LODI,False,-5.555555555555558,-400.0,-2.941176470588236,-2.6936026936026813,-8.807189542483659
LOMAZZO,2220.0,2010.0,900.0,1040.0,70.0,67.0,31.714285714285715,30.0,40.54054054054054,51.741293532338304,LOMAZZO,LOMAZZO,False,-9.459459459459463,-210.0,-4.285714285714281,-5.405405405405405,11.200752991797764
MAGENTA,2910.0,2910.0,1030.0,1020.0,74.0,73.0,39.32432432432432,39.863013698630134,35.39518900343643,35.051546391752574,MAGENTA,MAGENTA,False,0.0,0.0,-1.3513513513513487,1.3698630136986356,-0.3436426116838547
MALNATE,2240.0,2170.0,980.0,960.0,78.0,93.0,28.71794871794872,23.333333333333332,43.75,44.23963133640553,MALNATE,MALNATE,False,-3.125,-70.0,19.23076923076923,-18.75000000000001,0.48963133640553025
MARIANOCOMENSE,2050.0,1830.0,750.0,720.0,55.0,58.0,37.27272727272727,31.551724137931036,36.58536585365854,39.34426229508197,MARIANO COMENSE,MARIANO COMENSE,False,-10.73170731707317,-220.0,5.454545454545445,-15.349032800672834,2.758896441423431
MEDA,2110.0,1410.0,840.0,450.0,61.0,64.0,34.59016393442623,22.03125,39.81042654028436,31.914893617021278,MEDA,MEDA,False,-33.175355450236964,-700.0,4.918032786885251,-36.3077606635071,-7.895532923263083
MELEGNANO,2600.0,3310.0,960.0,1400.0,79.0,130.0,32.91139240506329,25.46153846153846,36.92307692307693,42.296072507552864,MELEGNANO,MELEGNANO,False,27.3076923076923,710.0,64.55696202531647,-22.63609467455622,5.372995584475937
MELZO,2240.0,2130.0,920.0,700.0,99.0,99.0,22.626262626262626,21.515151515151516,41.07142857142857,32.863849765258216,MELZO,MELZO,False,-4.91071428571429,-110.0,0.0,-4.910714285714279,-8.207578806170353
MERONE,710.0,620.0,260.0,260.0,73.0,77.0,9.726027397260275,8.051948051948052,36.61971830985916,41.935483870967744,MERONE,MERONE,False,-12.676056338028175,-90.0,5.47945205479452,-17.21236509968904,5.315765561108584
MILANOAFFORI,6810.0,7390.0,1140.0,1080.0,187.0,188.0,36.41711229946524,39.308510638297875,16.740088105726873,14.614343707713125,MILANO AFFORI,MILANO AFFORI,False,8.516886930983848,580.0,0.5347593582887722,7.939669447308417,-2.1257443980137474
MILANOCENTRALE,32520.0,29800.0,3020.0,2480.0,273.0,302.0,119.12087912087912,98.67549668874172,9.28659286592866,8.322147651006711,MILANO CENTRALE,MILANO CENTRALE,False,-8.364083640836405,-2720.0,10.62271062271063,-17.163559052809074,-0.9644452149219482
MILANOCERTOSA,6400.0,5730.0,1250.0,1130.0,186.0,181.0,34.40860215053763,31.65745856353591,19.53125,19.720767888307154,MILANO CERTOSA,MILANO CERTOSA,False,-10.468750000000004,-670.0,-2.6881720430107503,-7.995511049723747,0.18951788830715444
MILANODATEO,8530.0,8410.0,1540.0,1070.0,359.0,402.0,23.76044568245125,20.920398009950247,18.053927315357562,12.72294887039239,MILANO DATEO,MILANO DATEO,False,-1.4067995310668269,-120.0,11.977715877437323,-11.952838387196497,-5.330978444965172
MILANOFORLANINI,4520.0,5090.0,920.0,790.0,212.0,275.0,21.32075471698113,18.509090909090908,20.353982300884958,15.520628683693516,MILANO FORLANINI,MILANO FORLANINI,False,12.610619469026553,570.0,29.71698113207548,-13.187449718423172,-4.833353617191442
MILANOGRECOPIRELLI,16810.0,15100.0,1730.0,1590.0,384.0,385.0,43.776041666666664,39.22077922077922,10.291493158834028,10.529801324503312,MILANO GRECO PIRELLI,MILANO GRECO PIRELLI,False,-10.172516359309935,-1710.0,0.26041666666667407,-10.405834498636402,0.23830816566928448
MILANOLAMBRATE,20390.0,18620.0,3550.0,3060.0,312.0,330.0,65.3525641025641,56.42424242424242,17.41049534085336,16.433941997851772,MILANO LAMBRATE,MILANO LAMBRATE,False,-8.680725846002947,-1770.0,5.769230769230771,-13.661777163493694,-0.9765533430015871
MILANOLANCETTI,6620.0,5020.0,1280.0,880.0,359.0,402.0,18.440111420612812,12.487562189054726,19.335347432024168,17.52988047808765,MILANO LANCETTI,MILANO LANCETTI,False,-24.16918429003021,-1600.0,11.977715877437323,-32.280440696818026,-1.8054669539365165
MILANOPORTAGARIBALDI,37330.0,26180.0,3580.0,2810.0,399.0,424.0,93.55889724310777,61.74528301886792,9.590141976962228,10.733384262796028,MILANO PORTA GARIBALDI,MILANO PORTA GARIBALDI,False,-29.868738280203587,-11150.0,6.265664160400997,-34.00383625896517,1.1432422858338
MILANOPORTAGENOVA,7050.0,5660.0,120.0,40.0,46.0,48.0,153.2608695652174,117.91666666666667,1.702127659574468,0.7067137809187279,MILANO PORTA GENOVA,MILANO PORTA GENOVA,False,-19.716312056737586,-1390.0,4.347826086956519,-23.061465721040197,-0.9954138786557402
MILANOPORTAROMANA,1950.0,1050.0,410.0,180.0,67.0,67.0,29.104477611940297,15.671641791044776,21.025641025641026,17.142857142857142,MILANO PORTA ROMANA,MILANO PORTA ROMANA,False,-46.15384615384615,-900.0,0.0,-46.15384615384615,-3.882783882783883
MILANOQUARTOOGGIARO,3110.0,4060.0,750.0,910.0,140.0,134.0,22.214285714285715,30.29850746268657,24.115755627009648,22.413793103448278,MILANO QUARTO OGGIARO,MILANO QUARTO OGGIARO,False,30.546623794212223,950.0,-4.285714285714281,36.39199500887844,-1.7019625235613702
MILANOREPUBBLICA,16160.0,11460.0,2090.0,1000.0,359.0,402.0,45.013927576601674,28.507462686567163,12.933168316831683,8.726003490401396,MILANO REPUBBLICA,MILANO REPUBBLICA,False,-29.08415841584159,-4700.0,11.977715877437323,-36.66968375942072,-4.2071648264302866
MILANOROGOREDO,18700.0,16560.0,3210.0,2860.0,331.0,388.0,56.49546827794562,42.68041237113402,17.16577540106952,17.27053140096618,MILANO ROGOREDO,MILANO ROGOREDO,False,-11.443850267379673,-2140.0,17.220543806646525,-24.453387728099674,0.10475599989666051
MILANOROMOLO,2850.0,920.0,570.0,140.0,67.0,67.0,42.53731343283582,13.73134328358209,20.0,15.217391304347828,MILANO ROMOLO,MILANO ROMOLO,False,-67.71929824561404,-1930.0,0.0,-67.71929824561404,-4.782608695652172
MILANOSCRISTOFORO,3000.0,5400.0,620.0,540.0,111.0,113.0,27.027027027027028,47.78761061946903,20.666666666666668,10.0,MILANO S.CRISTOFORO,MILANO S.CRISTOFORO,False,80.0,2400.0,1.8018018018018056,76.81415929203538,-10.666666666666668
MILANOVILLAPIZZONE,4650.0,4460.0,870.0,880.0,199.0,202.0,23.366834170854272,22.07920792079208,18.70967741935484,19.730941704035875,MILANO VILLAPIZZONE,MILANO VILLAPIZZONE,False,-4.086021505376348,-190.0,1.5075376884422065,-5.510486532524217,1.0212642846810347
MOLTENO,880.0,710.0,300.0,320.0,61.0,61.0,14.426229508196721,11.639344262295081,34.090909090909086,45.07042253521127,MOLTENO,MOLTENO,False,-19.318181818181824,-170.0,0.0,-19.318181818181824,10.979513444302185
MONZA,21930.0,21610.0,5480.0,4550.0,356.0,374.0,61.60112359550562,57.780748663101605,24.98860009119927,21.05506709856548,MONZA,MONZA,False,-1.459188326493388,-320.0,5.0561797752809,-6.201794235913494,-3.93353299263379
MORBEGNO,1430.0,1200.0,570.0,360.0,46.0,69.0,31.08695652173913,17.391304347826086,39.86013986013986,30.0,MORBEGNO,MORBEGNO,False,-16.083916083916083,-230.0,50.0,-44.05594405594405,-9.86013986013986
MORTARA,2620.0,3070.0,870.0,890.0,79.0,78.0,33.164556962025316,39.35897435897436,33.20610687022901,28.990228013029316,MORTARA,MORTARA,False,17.17557251908397,450.0,-1.2658227848101222,18.67782344881581,-4.215878857199691
MOZZATE,980.0,1110.0,430.0,410.0,57.0,62.0,17.19298245614035,17.903225806451612,43.87755102040816,36.93693693693694,MOZZATE,MOZZATE,False,13.265306122448983,130.0,8.771929824561408,4.131007241606333,-6.940614083471225
NOVARA,3090.0,3660.0,600.0,550.0,84.0,73.0,36.785714285714285,50.136986301369866,19.41747572815534,15.027322404371585,NOVARA,NOVARA,False,18.446601941747566,570.0,-13.095238095238093,36.29472004255887,-4.390153323783753
NOVATEMILANESE,3480.0,2400.0,1110.0,990.0,140.0,134.0,24.857142857142858,17.91044776119403,31.896551724137932,41.25,NOVATE MILANESE,NOVATE MILANESE,False,-31.034482758620683,-1080.0,-4.285714285714281,-27.946474523932075,9.353448275862068
OGGIONO,880.0,870.0,240.0,260.0,41.0,41.0,21.463414634146343,21.21951219512195,27.27272727272727,29.88505747126437,OGGIONO,OGGIONO,False,-1.1363636363636354,-10.0,0.0,-1.1363636363636465,2.6123301985371015
OLGIATECALCOBRIVIO,1420.0,2400.0,580.0,700.0,67.0,74.0,21.19402985074627,32.432432432432435,40.845070422535215,29.166666666666668,OLGIATE-CALCO-BRIVIO,Olgiate-Calco-Brivio,True,69.01408450704226,980.0,10.447761194029859,53.02626570232205,-11.678403755868548
OSNAGO,970.0,2100.0,450.0,550.0,67.0,73.0,14.477611940298507,28.767123287671232,46.391752577319586,26.190476190476193,OSNAGO,Osnago,True,116.49484536082473,1130.0,8.955223880597018,98.70074848185284,-20.201276386843393
PADERNODUGNANO,3000.0,3300.0,1200.0,1290.0,135.0,133.0,22.22222222222222,24.81203007518797,40.0,39.09090909090909,PADERNO DUGNANO,PADERNO DUGNANO,False,10.000000000000009,300.0,-1.4814814814814836,11.654135338345872,-0.9090909090909065
PADERNOROBBIATE,1150.0,890.0,540.0,350.0,46.0,43.0,25.0,20.697674418604652,46.95652173913044,39.325842696629216,PADERNO ROBBIATE,PADERNO ROBBIATE,False,-22.608695652173914,-260.0,-6.521739130434778,-17.209302325581387,-7.630679042501221
PALAZZOLOMILANESE,2750.0,2650.0,1210.0,1200.0,135.0,133.0,20.37037037037037,19.924812030075188,44.0,45.28301886792453,PALAZZOLO MILANESE,PALAZZOLO MILANESE,False,-3.6363636363636376,-100.0,-1.4814814814814836,-2.1872863978127155,1.2830188679245325
PALAZZOLOSULLOGLIO,720.0,970.0,190.0,290.0,38.0,40.0,18.94736842105263,24.25,26.38888888888889,29.896907216494846,PALAZZOLO SULL'OGLIO,PALAZZOLO SULL'OGLIO,False,34.72222222222223,250.0,5.263157894736836,27.98611111111111,3.5080183276059564
PARABIAGO,3150.0,3260.0,1460.0,1660.0,77.0,74.0,40.90909090909091,44.054054054054056,46.34920634920635,50.920245398773,PARABIAGO,PARABIAGO,False,3.492063492063502,110.0,-3.8961038961038974,7.687687687687705,4.57103904956665
PAVIA,11220.0,10390.0,2380.0,1880.0,193.0,212.0,58.134715025906736,49.009433962264154,21.21212121212121,18.09432146294514,PAVIA,PAVIA,False,-7.397504456327986,-830.0,9.844559585492219,-15.696784717317458,-3.117799749176072
PESCHIERADELGARDA,1370.0,1680.0,320.0,340.0,34.0,35.0,40.294117647058826,48.0,23.357664233576642,20.238095238095237,PESCHIERA DEL GARDA,PESCHIERA DEL GARDA,False,22.62773722627738,310.0,2.941176470588225,19.12408759124087,-3.119568995481405
PIACENZA,2070.0,2190.0,640.0,380.0,58.0,51.0,35.689655172413794,42.94117647058823,30.917874396135264,17.35159817351598,PIACENZA,PIACENZA,False,5.797101449275366,120.0,-12.06896551724138,20.31827223643079,-13.566276222619283
PIADENA,1020.0,920.0,270.0,310.0,66.0,64.0,15.454545454545455,14.375,26.47058823529412,33.69565217391305,PIADENA,PIADENA,False,-9.80392156862745,-100.0,-3.0303030303030276,-6.985294117647056,7.225063938618927
PIEVEEMANUELE,1850.0,1770.0,650.0,620.0,73.0,74.0,25.34246575342466,23.91891891891892,35.13513513513514,35.02824858757062,PIEVE EMANUELE,PIEVE EMANUELE,False,-4.324324324324325,-80.0,1.3698630136986356,-5.61723886048211,-0.10688654756451399
PIOLTELLOLIMITO,7020.0,7990.0,2010.0,2110.0,257.0,262.0,27.315175097276263,30.49618320610687,28.63247863247863,26.408010012515643,PIOLTELLO LIMITO,PIOLTELLO LIMITO,False,13.817663817663828,970.0,1.9455252918287869,11.645570996716037,-2.2244686199629875
PONTESPIETRO,1400.0,1920.0,510.0,450.0,71.0,74.0,19.718309859154928,25.945945945945947,36.42857142857142,23.4375,PONTE S.PIETRO,PONTE S.PIETRO,False,37.142857142857146,520.0,4.225352112676051,31.5830115830116,-12.991071428571423
RESCALDINA,1840.0,1700.0,860.0,920.0,75.0,78.0,24.533333333333335,21.794871794871796,46.73913043478261,54.11764705882353,RESCALDINA,RESCALDINA,False,-7.608695652173914,-140.0,4.0000000000000036,-11.162207357859533,7.37851662404092
RHO,7000.0,7820.0,1750.0,2070.0,177.0,173.0,39.548022598870055,45.202312138728324,25.0,26.47058823529412,RHO,RHO,False,11.714285714285722,820.0,-2.259887005649719,14.297274979355912,1.4705882352941195
ROMANO,2150.0,2760.0,830.0,850.0,65.0,70.0,33.07692307692308,39.42857142857143,38.604651162790695,30.79710144927536,ROMANO,ROMANO,False,28.372093023255808,610.0,7.692307692307687,19.202657807308967,-7.8075497135153356
ROVATO,2360.0,2980.0,740.0,710.0,102.0,109.0,23.137254901960784,27.339449541284402,31.35593220338983,23.825503355704697,ROVATO,ROVATO,False,26.271186440677962,620.0,6.8627450980392135,18.16202767843258,-7.530428847685133
ROVELLASCAMANERA,840.0,1110.0,450.0,560.0,61.0,64.0,13.770491803278688,17.34375,53.57142857142857,50.45045045045045,ROVELLASCA - MANERA,ROVELLASCA - MANERA,False,32.14285714285714,270.0,4.918032786885251,25.948660714285722,-3.1209781209781227
ROVELLOPORRO,820.0,870.0,400.0,390.0,61.0,64.0,13.442622950819672,13.59375,48.78048780487805,44.827586206896555,ROVELLO PORRO,ROVELLO PORRO,False,6.0975609756097615,50.0,4.918032786885251,1.1242378048780477,-3.9529015979814943
SARONNO,17010.0,15870.0,5380.0,4520.0,535.0,543.0,31.794392523364486,29.226519337016576,31.628453850676074,28.48141146817895,SARONNO,SARONNO,False,-6.701940035273369,-1140.0,1.495327102803734,-8.076497088160684,-3.1470423824971228
SARONNOSUD,1180.0,730.0,490.0,280.0,202.0,198.0,5.841584158415841,3.686868686868687,41.52542372881356,38.35616438356164,SARONNO SUD,SARONNO SUD,False,-38.13559322033898,-450.0,-1.980198019801982,-36.88580722479028,-3.169259345251916
SEGRATE,2560.0,1570.0,780.0,540.0,145.0,142.0,17.655172413793103,11.056338028169014,30.46875,34.394904458598724,SEGRATE,SEGRATE,False,-38.671875,-990.0,-2.0689655172413834,-37.37621038732394,3.926154458598724
SEREGNO,6380.0,6290.0,2120.0,2140.0,166.0,176.0,38.433734939759034,35.73863636363637,33.22884012539185,34.02225755166931,SEREGNO,SEREGNO,False,-1.4106583072100332,-90.0,6.024096385542177,-7.012325448845813,0.7934174262774647
SESTOCALENDE,1570.0,1290.0,580.0,390.0,50.0,59.0,31.4,21.864406779661017,36.94267515923567,30.23255813953488,SESTO CALENDE,SESTO CALENDE,False,-17.834394904458595,-280.0,17.999999999999993,-30.368131274964906,-6.710117019700789
SESTOSGIOVANNI,11310.0,12410.0,1610.0,1810.0,291.0,297.0,38.865979381443296,41.784511784511785,14.235190097259062,14.585012087026591,SESTO S.GIOVANNI,SESTO S.GIOVANNI,False,9.725906277630415,1100.0,2.0618556701030855,7.5092213023247645,0.34982198976752876
SEVESO,4040.0,3730.0,1700.0,1510.0,186.0,187.0,21.72043010752688,19.946524064171122,42.07920792079208,40.48257372654155,SEVESO,SEVESO,False,-7.6732673267326685,-310.0,0.5376344086021501,-8.166993169905224,-1.5966341942505267
SGIULIANOMILANESE,1570.0,1620.0,660.0,540.0,79.0,130.0,19.873417721518987,12.461538461538462,42.038216560509554,33.33333333333333,S.GIULIANO MILANESE,S.GIULIANO MILANESE,False,3.1847133757961776,50.0,64.55696202531647,-37.295443410093085,-8.704883227176225
SOMMALOMBARDO,770.0,910.0,290.0,260.0,33.0,35.0,23.333333333333332,26.0,37.66233766233766,28.57142857142857,SOMMA LOMBARDO,SOMMA LOMBARDO,False,18.181818181818187,140.0,6.060606060606055,11.428571428571432,-9.090909090909093
SONDRIO,2190.0,1850.0,180.0,270.0,54.0,74.0,40.55555555555556,25.0,8.21917808219178,14.594594594594595,SONDRIO,SONDRIO,False,-15.52511415525114,-340.0,37.037037037037045,-38.35616438356164,6.375416512402815
SZENONEALLAMBRO,1390.0,1170.0,650.0,560.0,75.0,70.0,18.533333333333335,16.714285714285715,46.76258992805755,47.863247863247864,S.ZENONE AL LAMBRO,S.ZENONE AL LAMBRO,False,-15.827338129496404,-220.0,-6.666666666666665,-9.815005138746146,1.1006579351903127
TAVAZZANO,1460.0,1370.0,580.0,660.0,75.0,70.0,19.466666666666665,19.571428571428573,39.726027397260275,48.175182481751825,TAVAZZANO,TAVAZZANO,False,-6.164383561643838,-90.0,-6.666666666666665,0.5381604696673259,8.44915508449155
TIRANO,830.0,930.0,230.0,160.0,31.0,31.0,26.774193548387096,30.0,27.710843373493976,17.20430107526882,TIRANO,TIRANO,False,12.04819277108433,100.0,0.0,12.04819277108433,-10.506542298225156
TORTONA,900.0,800.0,320.0,300.0,23.0,23.0,39.130434782608695,34.78260869565217,35.55555555555556,37.5,TORTONA,TORTONA,False,-11.111111111111116,-100.0,0.0,-11.111111111111116,1.9444444444444429
TRADATE,2870.0,2520.0,1150.0,870.0,78.0,93.0,36.794871794871796,27.096774193548388,40.069686411149824,34.523809523809526,TRADATE,TRADATE,False,-12.195121951219512,-350.0,19.23076923076923,-26.357199055861525,-5.545876887340299
TRECATE,2440.0,2360.0,660.0,740.0,74.0,73.0,32.972972972972975,32.32876712328767,27.049180327868854,31.35593220338983,TRECATE,TRECATE,False,-3.2786885245901676,-80.0,-1.3513513513513487,-1.9537390523242881,4.306751875520977
TRECELLA,880.0,540.0,430.0,260.0,98.0,99.0,8.979591836734693,5.454545454545454,48.86363636363637,48.148148148148145,TRECELLA,TRECELLA,False,-38.63636363636363,-340.0,1.0204081632652962,-39.25619834710744,-0.7154882154882216
TREVIGLIO,9010.0,8810.0,3140.0,2640.0,252.0,241.0,35.75396825396825,36.55601659751037,34.85016648168702,29.96594778660613,TREVIGLIO,TREVIGLIO,False,-2.219755826859049,-200.0,-4.36507936507936,2.243242869840323,-4.8842186950808895
TREVIGLIOOVEST,840.0,1100.0,310.0,360.0,68.0,54.0,12.352941176470589,20.37037037037037,36.904761904761905,32.72727272727273,TREVIGLIO OVEST,TREVIGLIO OVEST,False,30.952380952380953,260.0,-20.588235294117652,64.90299823633157,-4.1774891774891785
TURBIGO,820.0,710.0,330.0,320.0,38.0,31.0,21.57894736842105,22.903225806451612,40.243902439024396,45.07042253521127,TURBIGO,TURBIGO,False,-13.414634146341465,-110.0,-18.42105263157895,6.136900078678198,4.826520096186876
VANZAGOPOGLIANO,1910.0,1460.0,760.0,700.0,76.0,73.0,25.13157894736842,20.0,39.79057591623037,47.94520547945205,VANZAGO POGLIANO,VANZAGO POGLIANO,False,-23.560209424083766,-450.0,-3.9473684210526327,-20.418848167539274,8.154629563221683
VAREDO,2360.0,2500.0,1030.0,1070.0,135.0,132.0,17.48148148148148,18.939393939393938,43.64406779661017,42.8,VAREDO,VAREDO,False,5.932203389830515,140.0,-2.2222222222222254,8.339753466872102,-0.844067796610176
VARESE,5680.0,6780.0,1330.0,1120.0,179.0,185.0,31.731843575418996,36.648648648648646,23.41549295774648,16.519174041297934,VARESE,VARESE,False,19.3661971830986,1100.0,3.3519553072625774,15.494861058241316,-6.896318916448546
VARESECASBENO,1430.0,1080.0,430.0,310.0,42.0,40.0,34.04761904761905,27.0,30.069930069930066,28.703703703703702,VARESE CASBENO,VARESE CASBENO,False,-24.47552447552448,-350.0,-4.761904761904767,-20.699300699300704,-1.366226366226364
VARESENORD,4790.0,4430.0,1180.0,800.0,78.0,95.0,61.41025641025641,46.63157894736842,24.63465553235908,18.058690744920995,VARESE NORD,VARESE NORD,False,-7.515657620041749,-360.0,21.794871794871785,-24.06548730908692,-6.575964787438085
VEDANOOLONA,830.0,740.0,350.0,320.0,57.0,62.0,14.56140350877193,11.935483870967742,42.168674698795186,43.24324324324324,VEDANO OLONA,VEDANO OLONA,False,-10.843373493975905,-90.0,8.771929824561408,-18.033424018655264,1.0745685444480557
VENEGONOINFERIORE,880.0,860.0,330.0,190.0,57.0,62.0,15.43859649122807,13.870967741935484,37.5,22.093023255813954,VENEGONO INFERIORE,VENEGONO INFERIORE,False,-2.2727272727272707,-20.0,8.771929824561408,-10.153958944281527,-15.406976744186046
VERDELLODALMINE,3240.0,2980.0,1310.0,1320.0,105.0,90.0,30.857142857142858,33.111111111111114,40.4320987654321,44.29530201342282,VERDELLO DALMINE,VERDELLO DALMINE,False,-8.024691358024693,-260.0,-14.28571428571429,7.304526748971196,3.863203247990718
VIGEVANO,4010.0,5010.0,1410.0,1650.0,46.0,48.0,87.17391304347827,104.375,35.16209476309227,32.93413173652694,VIGEVANO,VIGEVANO,False,24.93765586034913,1000.0,4.347826086956519,19.731920199501253,-2.2279630265653267
VIGNATE,1740.0,1750.0,700.0,740.0,98.0,99.0,17.755102040816325,17.67676767676768,40.229885057471265,42.285714285714285,VIGNATE,VIGNATE,False,0.5747126436781658,10.0,1.0204081632652962,-0.4411935446418047,2.05582922824302
VILLAMAGGIORE,1420.0,970.0,570.0,480.0,73.0,74.0,19.45205479452055,13.108108108108109,40.140845070422536,49.48453608247423,VILLAMAGGIORE,VILLAMAGGIORE,False,-31.690140845070424,-450.0,1.3698630136986356,-32.613247049866764,9.343691012051693
VITTUONEARLUNO,2230.0,2000.0,780.0,850.0,74.0,73.0,30.135135135135137,27.397260273972602,34.97757847533632,42.5,VITTUONE ARLUNO,VITTUONE ARLUNO,False,-10.313901345291477,-230.0,-1.3513513513513487,-9.08532465139137,7.522421524663677
VOGHERA,2220.0,1710.0,800.0,410.0,42.0,36.0,52.857142857142854,47.5,36.03603603603604,23.976608187134502,VOGHERA,VOGHERA,False,-22.972972972972972,-510.0,-14.28571428571429,-10.135135135135132,-12.059427848901535
