rank,line_code,line_name,status,central_mln,automation_level,method_note,primary_url,secondary_url
1,FL1,FL1 Fiumicino Aeroporto – Roma – Fara Sabina/Orte,S,20.7,supporting_sources_checked_estimate_not_fully_automatic,"Le fonti sono controllabili, ma non pubblicano il valore finale come dato ufficiale di linea: il valore resta una stima modellata documentata.",https://www.trenitalia.com/content/dam/trenitalia/regionale/carte-dei-servizi/2025/Carta_Servizi_2025_Lazio.pdf,https://www.rietinvetrina.it/rapporto-pendolaria-2019-la-tratta-fl1-fiumicino-fara-sabina-la-piu-frequentata/
5,FL3,FL3 Roma – Cesano – Viterbo,S,14.5,supporting_sources_checked_estimate_not_fully_automatic,"Le fonti sono controllabili, ma non pubblicano il valore finale come dato ufficiale di linea: il valore resta una stima modellata documentata.",https://www.trenitalia.com/content/dam/trenitalia/regionale/carte-dei-servizi/2025/Carta_Servizi_2025_Lazio.pdf,https://www.rietinvetrina.it/rapporto-pendolaria-2019-la-tratta-fl1-fiumicino-fara-sabina-la-piu-frequentata/
9,FL5,FL5 Roma – Civitavecchia,S,11.6,supporting_sources_checked_estimate_not_fully_automatic,"Le fonti sono controllabili, ma non pubblicano il valore finale come dato ufficiale di linea: il valore resta una stima modellata documentata.",https://www.trenitalia.com/content/dam/trenitalia/regionale/carte-dei-servizi/2025/Carta_Servizi_2025_Lazio.pdf,https://www.rietinvetrina.it/rapporto-pendolaria-2019-la-tratta-fl1-fiumicino-fara-sabina-la-piu-frequentata/
10,Firenze-Pistoia-Lucca,Firenze – Pistoia – Lucca/Viareggio,S,11.0,supporting_sources_checked_estimate_not_fully_automatic,"Le fonti sono controllabili, ma non pubblicano il valore finale come dato ufficiale di linea: il valore resta una stima modellata documentata.",https://www.trenitalia.com/content/dam/trenitalia/regionale/carte-dei-servizi/2025/Carta_Servizi_2025_Toscana.pdf,https://www.rietinvetrina.it/rapporto-pendolaria-2019-la-tratta-fl1-fiumicino-fara-sabina-la-piu-frequentata/
11,Bologna-Piacenza-Milano,Bologna – Piacenza – Milano,R/S,10.56,regional_source_checked_line_parser_needed,Fonte regionale disponibile; serve parser dedicato per trasformare tabelle/pagine locali in valore annuo di linea.,https://mobilita.regione.emilia-romagna.it/ferrovie/dati-e-progetti/frequentazioni,
13,FL8,FL8 Roma – Nettuno,S,9.9,supporting_sources_checked_estimate_not_fully_automatic,"Le fonti sono controllabili, ma non pubblicano il valore finale come dato ufficiale di linea: il valore resta una stima modellata documentata.",https://www.trenitalia.com/content/dam/trenitalia/regionale/carte-dei-servizi/2025/Carta_Servizi_2025_Lazio.pdf,https://www.rietinvetrina.it/rapporto-pendolaria-2019-la-tratta-fl1-fiumicino-fara-sabina-la-piu-frequentata/
14,FL4,FL4 Roma – Castelli Romani,S,9.85,supporting_sources_checked_estimate_not_fully_automatic,"Le fonti sono controllabili, ma non pubblicano il valore finale come dato ufficiale di linea: il valore resta una stima modellata documentata.",https://www.trenitalia.com/content/dam/trenitalia/regionale/carte-dei-servizi/2025/Carta_Servizi_2025_Lazio.pdf,https://www.rietinvetrina.it/rapporto-pendolaria-2019-la-tratta-fl1-fiumicino-fara-sabina-la-piu-frequentata/
15,FL6,FL6 Roma – Frosinone/Cassino,S,9.7,supporting_sources_checked_estimate_not_fully_automatic,"Le fonti sono controllabili, ma non pubblicano il valore finale come dato ufficiale di linea: il valore resta una stima modellata documentata.",https://www.trenitalia.com/content/dam/trenitalia/regionale/carte-dei-servizi/2025/Carta_Servizi_2025_Lazio.pdf,https://www.rietinvetrina.it/rapporto-pendolaria-2019-la-tratta-fl1-fiumicino-fara-sabina-la-piu-frequentata/
20,Padova-Venezia,Padova – Venezia Mestre/Venezia S.L.,S,8.0,supporting_sources_checked_estimate_not_fully_automatic,"Le fonti sono controllabili, ma non pubblicano il valore finale come dato ufficiale di linea: il valore resta una stima modellata documentata.",https://www.trenitalia.com/content/dam/trenitalia/regionale/carte-dei-servizi/2025/Carta_Servizi_2025_Veneto.pdf,https://www.rietinvetrina.it/rapporto-pendolaria-2019-la-tratta-fl1-fiumicino-fara-sabina-la-piu-frequentata/
