categoria,nome,uso_nell_analisi,testo_link_nel_documento,url,nota
Comunicati Trenord,Trenord - dati 2025,"Fonte per i valori 2025 delle principali linee suburbane citate, inclusa la S8","comunicato",https://www.trenord.it/news/trenord-informa/comunicati-stampa/dati-2025-trenord/,"Estratto dal documento locale 'Intervento S8 - SIMONE GHEZZI COLOMBO.pdf.docx'"
Comunicati Trenord,Trenord - dati mobilita 2024,"Fonte per i valori 2024 e per il confronto con il 2023 delle principali linee suburbane","nel 2024",https://www.trenord.it/news/trenord-informa/comunicati-stampa/dati-mobilita-2024/,"Estratto dal documento locale 'Intervento S8 - SIMONE GHEZZI COLOMBO.pdf.docx'"
Contesto storico,Il Giorno - pendolari Osnago e S8,"Fonte di contesto sulla situazione pre-pandemia e sul carico della linea nel territorio","situazione pre-pandemia",https://www.ilgiorno.it/lecco/cronaca/osnago-pendolari-treni-428345ef?,"Fonte giornalistica citata nel documento iniziale"
Regione Lombardia / servizio,Lombardia Notizie - linea ferroviaria S8,"Fonte di contesto sul rinnovo flotta e sugli interventi di servizio della S8","settembre 2021",https://www.lombardianotizie.online/linea-ferroviaria-s8/,"Fonte istituzionale citata nel documento iniziale"
Comunicati Trenord,Trenord - performance del servizio,"Fonte di contesto su puntualita e miglioramento del servizio rispetto al 2019","gia nel 2022 era del 91,3% contro il 71% del 2019",https://www.trenord.it/news/trenord-informa/comunicati-stampa/trenord-performance-del-servizio-in-costante-miglioramento-lavoriamo-per-rinnovare-i-servizi-per-i-viaggiatori/,"Fonte citata per distinguere aumento di domanda e miglioramento operativo"
Dataset Regione Lombardia,Regione Lombardia - Flussi Stazioni Ferroviarie,"Fonte dati per i flussi storici delle stazioni ferroviarie lombarde","dati dei flussi delle stazioni ferroviarie",https://www.dati.lombardia.it/Mobilit-e-trasporti/Flussi-Stazioni-Ferroviarie/m2u2-frtq/about_data,"Collegata anche alla copia grezza locale in data/raw"
Contesto territoriale,MerateOnline - studio flussi nuovo Ponte San Michele,"Fonte di contesto sul traffico veicolare atteso e sul rischio congestione nel Meratese","simulazioni legate al Nuovo Ponte San Michele",https://www.merateonline.it/notizie/152618/paderno-studio-dei-flussi-di-traffico-86-di-veicoli-sul-nuovo-ponte-da-1000-a-1930-ora-meratese-paralizzato?,"Fonte giornalistica locale citata nel documento iniziale"
Contesto stazioni,"MerateOnline - Olgiate, locali Pro Loco e criticita stazione","Fonte di contesto sulle criticita manutentive e infrastrutturali della stazione di Olgiate-Calco-Brivio","infiltrazioni",https://www.merateonline.it/notizie/151125/olgiate-proloco-senza-sede-e-crollato-il-soffitto-dei-locali-si-attende-il-ripristino-da-rfi,"Fonte giornalistica locale citata nel documento iniziale"
Intermodalita,MerateOnline - Greenway e enti coinvolti,"Fonte di contesto su ciclabilita, connessioni locali e intermodalita casa-stazione","Greenway",https://www.merateonline.it/notizie/142158/green-way-incontro-tra-gli-enti-coinvolti-nel-progetto-tre-questioni-da-risolvere,"Fonte giornalistica locale citata nel documento iniziale"
